part,grid_x,grid_y,grid_z,size_x_mm,size_y_mm,size_z_mm,faces,file
x1_y1_z2,1,1,2,25.70,150.52,84.84,1480,image-to-stl-1787233955901_part_x1_y1_z2.stl
x1_y1_z3,1,1,3,45.72,151.35,174.00,3650,image-to-stl-1787233955901_part_x1_y1_z3.stl
x1_y1_z4,1,1,4,48.15,151.42,174.00,3506,image-to-stl-1787233955901_part_x1_y1_z4.stl
x1_y1_z5,1,1,5,46.19,150.62,174.00,3228,image-to-stl-1787233955901_part_x1_y1_z5.stl
x1_y1_z6,1,1,6,26.55,104.86,79.35,2258,image-to-stl-1787233955901_part_x1_y1_z6.stl
x1_y2_z1,1,2,1,24.93,32.43,68.89,704,image-to-stl-1787233955901_part_x1_y2_z1.stl
x1_y2_z2,1,2,2,161.67,151.42,174.00,4748,image-to-stl-1787233955901_part_x1_y2_z2.stl
x1_y2_z3,1,2,3,165.67,151.42,174.00,5568,image-to-stl-1787233955901_part_x1_y2_z3.stl
x1_y2_z4,1,2,4,161.82,151.42,174.00,6308,image-to-stl-1787233955901_part_x1_y2_z4.stl
x1_y2_z5,1,2,5,138.01,151.42,174.00,5234,image-to-stl-1787233955901_part_x1_y2_z5.stl
x1_y2_z6,1,2,6,93.63,147.42,174.00,3894,image-to-stl-1787233955901_part_x1_y2_z6.stl
x1_y2_z7,1,2,7,51.23,24.46,170.00,1128,image-to-stl-1787233955901_part_x1_y2_z7.stl
x1_y2_z8,1,2,8,5.79,10.88,26.68,98,image-to-stl-1787233955901_part_x1_y2_z8.stl
x1_y3_z1,1,3,1,81.64,52.35,67.14,1366,image-to-stl-1787233955901_part_x1_y3_z1.stl
x1_y3_z2,1,3,2,139.80,69.66,174.00,3572,image-to-stl-1787233955901_part_x1_y3_z2.stl
x1_y3_z3,1,3,3,141.58,70.74,174.00,2742,image-to-stl-1787233955901_part_x1_y3_z3.stl
x1_y3_z4,1,3,4,134.85,69.39,174.00,3258,image-to-stl-1787233955901_part_x1_y3_z4.stl
x1_y3_z5,1,3,5,78.03,59.55,174.00,2122,image-to-stl-1787233955901_part_x1_y3_z5.stl
x1_y3_z6,1,3,6,21.04,30.95,152.42,892,image-to-stl-1787233955901_part_x1_y3_z6.stl
x2_y1_z2,2,1,2,112.49,151.37,145.76,5522,image-to-stl-1787233955901_part_x2_y1_z2.stl
x2_y1_z3,2,1,3,125.82,151.38,174.00,4504,image-to-stl-1787233955901_part_x2_y1_z3.stl
x2_y1_z4,2,1,4,131.04,151.40,174.00,3900,image-to-stl-1787233955901_part_x2_y1_z4.stl
x2_y1_z5,2,1,5,131.56,151.39,174.00,4932,image-to-stl-1787233955901_part_x2_y1_z5.stl
x2_y1_z6,2,1,6,129.96,151.34,152.76,5626,image-to-stl-1787233955901_part_x2_y1_z6.stl
x2_y2_z1,2,2,1,165.67,137.83,174.00,4878,image-to-stl-1787233955901_part_x2_y2_z1.stl
x2_y2_z2,2,2,2,165.67,151.42,174.00,5850,image-to-stl-1787233955901_part_x2_y2_z2.stl
x2_y2_z3,2,2,3,165.67,151.42,174.00,3542,image-to-stl-1787233955901_part_x2_y2_z3.stl
x2_y2_z4,2,2,4,165.67,151.42,174.00,3084,image-to-stl-1787233955901_part_x2_y2_z4.stl
x2_y2_z5,2,2,5,165.67,151.42,174.00,3572,image-to-stl-1787233955901_part_x2_y2_z5.stl
x2_y2_z6,2,2,6,165.67,151.42,174.00,7388,image-to-stl-1787233955901_part_x2_y2_z6.stl
x2_y2_z7,2,2,7,165.67,115.40,174.00,4946,image-to-stl-1787233955901_part_x2_y2_z7.stl
x2_y2_z8,2,2,8,122.35,29.18,174.00,2138,image-to-stl-1787233955901_part_x2_y2_z8.stl
x2_y2_z9,2,2,9,138.12,30.07,174.00,2474,image-to-stl-1787233955901_part_x2_y2_z9.stl
x2_y2_z10,2,2,10,113.37,26.75,170.00,1886,image-to-stl-1787233955901_part_x2_y2_z10.stl
x2_y3_z1,2,3,1,165.67,135.07,116.76,5032,image-to-stl-1787233955901_part_x2_y3_z1.stl
x2_y3_z2,2,3,2,165.67,144.51,174.00,4834,image-to-stl-1787233955901_part_x2_y3_z2.stl
x2_y3_z3,2,3,3,165.67,147.38,174.00,3690,image-to-stl-1787233955901_part_x2_y3_z3.stl
x2_y3_z4,2,3,4,165.67,147.42,174.00,3838,image-to-stl-1787233955901_part_x2_y3_z4.stl
x2_y3_z5,2,3,5,165.67,146.91,174.00,4816,image-to-stl-1787233955901_part_x2_y3_z5.stl
x2_y3_z6,2,3,6,165.67,141.73,174.00,5522,image-to-stl-1787233955901_part_x2_y3_z6.stl
x2_y3_z7,2,3,7,161.83,129.67,87.49,2736,image-to-stl-1787233955901_part_x2_y3_z7.stl
x3_y1_z2,3,1,2,132.02,151.37,132.70,4894,image-to-stl-1787233955901_part_x3_y1_z2.stl
x3_y1_z3,3,1,3,153.63,151.39,174.00,5968,image-to-stl-1787233955901_part_x3_y1_z3.stl
x3_y1_z4,3,1,4,158.66,151.42,174.00,4680,image-to-stl-1787233955901_part_x3_y1_z4.stl
x3_y1_z5,3,1,5,159.57,151.42,174.00,5528,image-to-stl-1787233955901_part_x3_y1_z5.stl
x3_y1_z6,3,1,6,158.44,151.11,157.48,6134,image-to-stl-1787233955901_part_x3_y1_z6.stl
x3_y2_z1,3,2,1,161.67,134.30,170.51,4842,image-to-stl-1787233955901_part_x3_y2_z1.stl
x3_y2_z2,3,2,2,165.67,151.42,174.00,6094,image-to-stl-1787233955901_part_x3_y2_z2.stl
x3_y2_z3,3,2,3,165.67,151.42,174.00,3366,image-to-stl-1787233955901_part_x3_y2_z3.stl
x3_y2_z4,3,2,4,165.67,151.42,174.00,3152,image-to-stl-1787233955901_part_x3_y2_z4.stl
x3_y2_z5,3,2,5,165.67,151.42,174.00,3974,image-to-stl-1787233955901_part_x3_y2_z5.stl
x3_y2_z6,3,2,6,165.67,151.42,174.00,7720,image-to-stl-1787233955901_part_x3_y2_z6.stl
x3_y2_z7,3,2,7,165.67,113.94,174.00,4934,image-to-stl-1787233955901_part_x3_y2_z7.stl
x3_y2_z8,3,2,8,148.10,28.80,174.00,2290,image-to-stl-1787233955901_part_x3_y2_z8.stl
x3_y2_z9,3,2,9,97.84,30.72,174.00,2030,image-to-stl-1787233955901_part_x3_y2_z9.stl
x3_y2_z10,3,2,10,66.43,29.05,161.98,1464,image-to-stl-1787233955901_part_x3_y2_z10.stl
x3_y3_z1,3,3,1,165.67,126.83,118.13,4432,image-to-stl-1787233955901_part_x3_y3_z1.stl
x3_y3_z2,3,3,2,165.67,138.94,174.00,4312,image-to-stl-1787233955901_part_x3_y3_z2.stl
x3_y3_z3,3,3,3,165.67,142.47,174.00,3218,image-to-stl-1787233955901_part_x3_y3_z3.stl
x3_y3_z4,3,3,4,165.67,142.63,174.00,3540,image-to-stl-1787233955901_part_x3_y3_z4.stl
x3_y3_z5,3,3,5,165.67,141.68,174.00,4274,image-to-stl-1787233955901_part_x3_y3_z5.stl
x3_y3_z6,3,3,6,165.67,137.64,174.00,4786,image-to-stl-1787233955901_part_x3_y3_z6.stl
x3_y3_z7,3,3,7,150.66,110.59,87.61,2224,image-to-stl-1787233955901_part_x3_y3_z7.stl
x4_y1_z2,4,1,2,4.91,7.53,19.84,92,image-to-stl-1787233955901_part_x4_y1_z2.stl
x4_y1_z3,4,1,3,27.44,149.00,174.00,2400,image-to-stl-1787233955901_part_x4_y1_z3.stl
x4_y1_z4,4,1,4,29.56,150.84,174.00,3088,image-to-stl-1787233955901_part_x4_y1_z4.stl
x4_y1_z5,4,1,5,26.93,88.61,170.00,2158,image-to-stl-1787233955901_part_x4_y1_z5.stl
x4_y1_z6,4,1,6,7.45,37.89,32.82,634,image-to-stl-1787233955901_part_x4_y1_z6.stl
x4_y2_z1,4,2,1,5.09,8.76,15.99,88,image-to-stl-1787233955901_part_x4_y2_z1.stl
x4_y2_z2,4,2,2,156.99,151.42,174.00,3926,image-to-stl-1787233955901_part_x4_y2_z2.stl
x4_y2_z3,4,2,3,161.67,151.42,174.00,5090,image-to-stl-1787233955901_part_x4_y2_z3.stl
x4_y2_z4,4,2,4,157.34,151.42,174.00,5824,image-to-stl-1787233955901_part_x4_y2_z4.stl
x4_y2_z5,4,2,5,129.45,147.42,174.00,4566,image-to-stl-1787233955901_part_x4_y2_z5.stl
x4_y2_z6,4,2,6,83.86,129.34,174.00,2880,image-to-stl-1787233955901_part_x4_y2_z6.stl
x4_y2_z7,4,2,7,32.69,22.37,120.91,724,image-to-stl-1787233955901_part_x4_y2_z7.stl
x4_y3_z1,4,3,1,41.29,32.85,59.12,786,image-to-stl-1787233955901_part_x4_y3_z1.stl
x4_y3_z2,4,3,2,138.31,69.58,174.00,3454,image-to-stl-1787233955901_part_x4_y3_z2.stl
x4_y3_z3,4,3,3,139.09,70.79,174.00,2844,image-to-stl-1787233955901_part_x4_y3_z3.stl
x4_y3_z4,4,3,4,132.16,69.78,174.00,3404,image-to-stl-1787233955901_part_x4_y3_z4.stl
x4_y3_z5,4,3,5,76.01,60.21,170.00,2030,image-to-stl-1787233955901_part_x4_y3_z5.stl
x4_y3_z6,4,3,6,10.24,25.20,115.24,558,image-to-stl-1787233955901_part_x4_y3_z6.stl